shock,region,spot_pct,fwd5y_pct,rate_bp
"CBAM (EU, applied prices)",USA,-0.01970582551285546,0.004427113063455051,-0.00961791437046548
"CBAM (EU, applied prices)",CHN,-0.019805472491730754,0.004059368731456833,-0.015533917391943094
"CBAM (EU, applied prices)",GBR,-0.01847099363651375,0.003997229852615625,-0.04635255337731928
"CBAM (EU, applied prices)",JPN,-0.01980187686229518,0.004107786944530979,-0.01454483436987182
"CBAM (EU, applied prices)",IND,-0.019747774180131003,0.004134860234536464,-0.01514128175667765
"CBAM (EU, applied prices)",CAN,-0.019471553692222168,0.004057940219772004,-0.022933899835467036
"CBAM (EU, applied prices)",NOR,-0.017302578275699514,0.004116866623366471,-0.06949555436335127
"CBAM (EU, applied prices)",IDN,-0.019855853635396683,0.004405201129610418,-0.006790822828530146
"CBAM (EU, applied prices)",CHL,-0.019099045144382324,0.004553511531897917,-0.02021832030114023
"CBAM (EU, applied prices)",AUS,-0.01954393800646914,0.004368947936183272,-0.014473732715708943
"CBAM (EU, applied prices)",SGP,-0.018883070267721305,0.0034964011457128174,-0.048311011906877276
"CBAM (EU, applied prices)",TUR,-0.017501871903358338,0.0032881062962970137,-0.0833857582473326
"CBAM (EU, applied prices)",KOR,-0.019459866155919693,0.0036292502254783605,-0.03265154445690845
"CBAM (EU, applied prices)",KAZ,-0.019696840366573834,0.0044343551600026145,-0.009656377590534825
"US applied tariffs, May 2026",USA,0.7099716746063722,0.5898142568634733,-2.7930214823200115
"US applied tariffs, May 2026",CHN,-0.0020218526881194913,0.0005242946864364179,-0.08536826036468353
"US applied tariffs, May 2026",GBR,0.0014602813460799318,0.0007386701236195372,-0.15747665497664012
"US applied tariffs, May 2026",JPN,-4.596137376001601e-05,-0.00023841673152006715,-0.14579997239124853
"US applied tariffs, May 2026",IND,-0.0012963668322424071,0.0005335757046383456,-0.10117248198167339
"US applied tariffs, May 2026",CAN,0.019861061977440194,-0.006220386620470871,-0.7170826070300613
"US applied tariffs, May 2026",NOR,0.001223259440463257,0.004023904228561177,-0.07975236207275707
"US applied tariffs, May 2026",IDN,-0.0016599276142358946,0.0019888048225723785,-0.06103793228147154
"US applied tariffs, May 2026",CHL,0.009079812983366803,-0.01002244794957375,-0.563075509114044
"US applied tariffs, May 2026",AUS,0.0003265211336436256,0.002981617504524214,-0.08296412401668889
"US applied tariffs, May 2026",SGP,0.008842662218866522,-0.008667481388334095,-0.5279428574861618
"US applied tariffs, May 2026",TUR,-0.0006857075076186674,0.0008615008365743439,-0.10741147061297476
"US applied tariffs, May 2026",KOR,0.0015136494025008223,-0.00707707524708332,-0.3311214085295481
"US applied tariffs, May 2026",KAZ,-0.002332786218576255,0.0031195792031657194,-0.021237844499131554
"EU-US framework, Jul 2026",USA,0.3009443016496133,0.24864167310863242,-1.1678055318100744
"EU-US framework, Jul 2026",CHN,0.006863034392142971,0.006113708965697299,-0.030198265493944047
"EU-US framework, Jul 2026",GBR,0.008326766284814829,0.005889167458786435,-0.06745275688175255
"EU-US framework, Jul 2026",JPN,0.007634343184445345,0.005619979332294179,-0.05811339058407478
"EU-US framework, Jul 2026",IND,0.007174736723906277,0.0059632802757255635,-0.04039593618728344
"EU-US framework, Jul 2026",CAN,0.014758865506775567,0.0032257840254386063,-0.2681593369498306
"EU-US framework, Jul 2026",NOR,0.008143766423517964,0.007522737040254553,-0.027367205171009885
"EU-US framework, Jul 2026",IDN,0.006970756553605672,0.00668643950287812,-0.019937101317140042
"EU-US framework, Jul 2026",CHL,0.009572611780801179,0.004533645071112618,-0.12485615934150485
"EU-US framework, Jul 2026",AUS,0.0077622807818117125,0.006880738791172433,-0.03311583847311517
"EU-US framework, Jul 2026",SGP,0.011330487440900183,0.0018626519598951966,-0.22258633357721888
"EU-US framework, Jul 2026",TUR,0.007143998271527903,0.006121521498751595,-0.03622579307446415
"EU-US framework, Jul 2026",KOR,0.008141979062999835,0.0035326854841786354,-0.11537472466544561
"EU-US framework, Jul 2026",KAZ,0.006795301213572935,0.007003188480145901,-0.009075814570309306
EU steel safeguard 2026/1384,USA,-0.014317097421764777,0.013991192829146144,-0.010856798175722517
EU steel safeguard 2026/1384,CHN,-0.014401287867859852,0.0136504713763468,-0.01651757099980014
EU steel safeguard 2026/1384,GBR,-0.012768170300556627,0.013639383260262948,-0.05279963674025955
EU steel safeguard 2026/1384,JPN,-0.014469138670695807,0.013729945002262543,-0.013266618480201357
EU steel safeguard 2026/1384,IND,-0.014329229151177833,0.013686509000736735,-0.01731243483696354
EU steel safeguard 2026/1384,CAN,-0.013946917351063182,0.013553343705378574,-0.02868727318876838
EU steel safeguard 2026/1384,NOR,-0.01082793075568594,0.013784848650379508,-0.09240424006332039
EU steel safeguard 2026/1384,IDN,-0.014455110181552875,0.013956554464004674,-0.008575674457233801
EU steel safeguard 2026/1384,CHL,-0.013338663034034793,0.014349044371984278,-0.02455096539778507
EU steel safeguard 2026/1384,AUS,-0.014063486879792747,0.013856205201499067,-0.019431847197386554
EU steel safeguard 2026/1384,SGP,-0.01324419921620226,0.012944794967238818,-0.05762250396323661
EU steel safeguard 2026/1384,TUR,-0.01080397175408489,0.01245887466760321,-0.12219270131197521
EU steel safeguard 2026/1384,KOR,-0.013895280005225183,0.013243868868175412,-0.03665579932704967
EU steel safeguard 2026/1384,KAZ,-0.014453697994925806,0.014047281758005573,-0.006604791720300545
USA 25% on CHN manufactures,USA,0.3316182123992366,0.2943414773117212,-0.8670592270203805
USA 25% on CHN manufactures,CHN,-0.0007406554549162574,-7.37857361267271e-05,-0.029772032405881322
USA 25% on CHN manufactures,GBR,0.0006124320407782463,0.0002617512977595466,-0.052225934081678575
USA 25% on CHN manufactures,JPN,-9.761831459747302e-05,-0.0001961611161383468,-0.04666210136853677
USA 25% on CHN manufactures,IND,-0.0004692594741707355,0.0001518050100079299,-0.030782799215775623
USA 25% on CHN manufactures,CAN,0.007857330857387473,-0.0009060775088298365,-0.23786641675699424
USA 25% on CHN manufactures,NOR,0.000495752611165904,0.0013180337386610897,-0.02634262755437798
USA 25% on CHN manufactures,IDN,-0.0007592811546133834,0.0005704481728870375,-0.015144959806058554
USA 25% on CHN manufactures,CHL,0.0020136433079391385,0.00018788736511486832,-0.08477586132753234
USA 25% on CHN manufactures,AUS,0.0003266625837691775,0.0008819491165494328,-0.0322342964226177
USA 25% on CHN manufactures,SGP,0.003712678986949396,-0.002707712384697556,-0.18616394577848747
USA 25% on CHN manufactures,TUR,-0.0002685092250062548,0.0003766305431990129,-0.030251539017250556
USA 25% on CHN manufactures,KOR,0.0006502060369383537,-0.0019574362194157762,-0.10202945126198396
USA 25% on CHN manufactures,KAZ,-0.0009446695040353454,0.0007802589548920429,-0.0064242498535964625
Global 10% on all imports,USA,-0.22098471013639723,0.2766250833200884,-6.175283686677767
Global 10% on all imports,CHN,-0.5830802721060849,-0.6817186196480128,-19.33246619000485
Global 10% on all imports,GBR,0.7854655902251262,0.7822720705634648,-17.226321226070027
Global 10% on all imports,JPN,0.07801084358122017,-0.014143247239790881,-19.18938054627828
Global 10% on all imports,IND,-0.02014755580685827,-0.18986830897453785,-20.90101478460085
Global 10% on all imports,CAN,0.7418414229889451,0.8939810885174803,-13.798642503335097
Global 10% on all imports,NOR,1.1209538960107919,1.3282548148153515,-12.581419963656213
Global 10% on all imports,IDN,0.12264260289743618,0.3517843658943864,-12.099466304924759
Global 10% on all imports,CHL,1.316795518540674,1.1859886235360888,-20.042317375661202
Global 10% on all imports,AUS,0.23395058241236097,0.5041844873459682,-11.192701530769
Global 10% on all imports,SGP,3.0393128312793865,1.5010568654007281,-51.0999643791721
Global 10% on all imports,TUR,0.9850925401850879,0.7304710117524005,-22.774488122337658
Global 10% on all imports,KOR,0.4522198561950909,-0.6142901227902222,-40.690123881599106
Global 10% on all imports,KAZ,0.8880439577650356,1.2988803776582067,-8.090078943716474
