region,tenor,2025,2030,2035,2040,2045
EU27,1D,-28.742569392937032,-27.10022994972889,-37.28473947727554,-41.30151942472257,-43.593066665488884
EU27,6M,-28.458609646551736,-26.832495554856067,-36.91638809500104,-40.89348460985129,-43.1623927064123
EU27,1Y,-28.17685053312824,-26.566836049617653,-36.550891364499115,-40.48861198565881,-42.73505638699133
EU27,5Y,-26.052147005069124,-24.56353727008852,-33.79473493230489,-37.43552780114349,-39.51257682099121
EU27,10Y,-23.690920470913824,-22.337230318743572,-30.73176185675082,-34.0425728348227,-35.93136929884646
EU27,20Y,-19.785709685801727,-18.655161787156224,-25.665938939662166,-28.43099591231634,-30.00844321068639
CHN,1D,-39.25693243778268,-41.44518487812157,-52.13667667243103,-57.31567378034953,-60.37506820974339
CHN,6M,-38.86909694449386,-41.03573073273904,-51.62159685187351,-56.749428502550195,-59.77859790736859
CHN,1Y,-38.48426710105914,-40.62944977757147,-51.110508800027965,-56.18757151583312,-59.186750134154536
CHN,5Y,-35.582322542413266,-37.5657455788353,-47.2564698881688,-51.95069162422125,-54.723714186381066
CHN,10Y,-32.357332136913456,-34.16098837326549,-42.9733975337581,-47.24216025032094,-49.76385095671053
CHN,20Y,-27.02355025225988,-28.529891836127877,-35.88966367344733,-39.45476364206957,-41.56077891046171
USA,1D,-26.686119841410274,-30.283618205473385,-35.847553837211365,-39.61002518207286,-41.685673548758466
USA,6M,-26.42247661179571,-29.984433799664192,-35.49340100706636,-39.218701339334544,-41.27384351620353
USA,1Y,-26.16087656607828,-29.68756801497458,-35.14199279266867,-38.830410180482,-40.865205086528356
USA,5Y,-24.18818956645375,-27.448947327870115,-32.49207576301967,-35.90236435756607,-37.78372352349412
USA,10Y,-21.995902112894697,-24.961122322407526,-29.547168710771793,-32.64836708265811,-34.35920996898735
USA,20Y,-18.37009811490285,-20.846531493332485,-24.676614100599576,-27.266611004246972,-28.695438588573577
GBR,1D,-23.356625923284916,-24.020493334247373,-30.778164117250043,-34.055163633644874,-35.897041755411536
GBR,6M,-23.125876142953096,-23.783184932830814,-30.474093887568802,-33.718718568615444,-35.54240001362787
GBR,1Y,-22.896914628665996,-23.547715625500352,-30.17238014319457,-33.384880887588025,-35.190506676561895
GBR,5Y,-21.170349935568133,-21.772076633895892,-27.89720171383769,-30.867460634309754,-32.53693140909293
GBR,10Y,-19.25158324062011,-19.798772666218504,-25.368749340888186,-28.069799962521564,-29.587958882253105
GBR,20Y,-16.078152702365763,-16.535143435643626,-21.186965283469476,-23.442774782805106,-24.71068042115281
CHE,1D,-25.30091410741221,-25.295218548973125,-33.16613754259652,-36.7112450825692,-38.71379805229261
CHE,6M,-25.05095589890833,-25.045316609249802,-32.83847553449888,-36.348559488925076,-38.33132840852993
CHE,1Y,-24.80293481804211,-24.797351361092012,-32.51335284341546,-35.98868463829049,-37.95182283032819
CHE,5Y,-22.93264477082215,-22.92748234001429,-30.061651031879954,-33.2749219652309,-35.090027763166
CHE,10Y,-20.8541531470536,-20.849458611218154,-27.337024609989257,-30.25906194221773,-31.909656309615084
CHE,20Y,-17.416555022310423,-17.412634333654037,-22.830790102517327,-25.271158868160192,-26.649669298028854
RUS,1D,-29.558603206423,-34.55998249556783,-39.950378538486376,-44.12440644054128,-46.41316703662581
RUS,6M,-29.26658152404474,-34.218550115937454,-39.55569220398725,-43.68848315577965,-45.95463213807573
RUS,1Y,-28.976822953068645,-33.87976377102997,-39.16406461203289,-43.25593819192963,-45.49965079605869
RUS,5Y,-26.79179670650701,-31.325026380153634,-36.210859243800314,-39.99418101371542,-42.068704230253466
RUS,10Y,-24.36353230016884,-28.485894409282224,-32.92890165103886,-36.36932347690587,-38.25582306285187
RUS,20Y,-20.347448196604404,-23.790280230539324,-27.500902260833136,-30.374205032115242,-31.949734069737012
IND,1D,-47.49829638455946,-55.53511037568127,-64.19704298084126,-70.90436988071801,-74.58222395206671
IND,6M,-47.029041043789285,-54.98645602115327,-63.562813806882815,-70.20387624656553,-73.84539527440909
IND,1Y,-46.56342234090016,-54.442053631463885,-62.93349978601672,-69.50881130222024,-73.11427687609878
IND,5Y,-43.052261020372214,-50.336796257523,-58.18793644240437,-64.2674300331751,-67.6010218780821
IND,10Y,-39.15023555364569,-45.774539682488864,-52.914094732973915,-58.44257571131152,-61.47402871458269
IND,20Y,-32.696711626135794,-38.229065614857504,-44.19173657515759,-48.8089028762796,-51.34065123626899
TUR,1D,-38.08848435226892,-44.533137892357736,-51.47906879103504,-56.85761781525974,-59.80685805984316
TUR,6M,-37.71219244151412,-44.09317658031293,-50.970485751077376,-56.29589786203729,-59.2160013408559
TUR,1Y,-37.33881672008759,-43.65662488310801,-50.465844131042076,-55.73853112950934,-58.62972364684684
TUR,5Y,-34.523245990298335,-40.36465352515813,-46.660416801765535,-51.53551157626073,-54.208690837125076
TUR,10Y,-31.394244589315846,-36.70621835177132,-42.43136749440376,-46.864609889675855,-49.29550655478798
TUR,20Y,-26.219218033840086,-30.655566163562455,-35.43698185330382,-39.13944867418283,-41.16963638897181
RASIA,1D,-38.504751582491025,-43.026459522895735,-51.62921897498304,-56.903399785811025,-59.89367956178853
RASIA,6M,-38.12434719537733,-42.60138331043363,-51.11915253917547,-56.341227533541506,-59.30196509722758
RASIA,1Y,-37.74689086848609,-42.17960135617654,-50.61303901932037,-55.78341200719636,-58.714836305006685
RASIA,5Y,-34.9005489003786,-38.99900643098333,-46.79651231262869,-51.57700816658564,-54.28738549037475
RASIA,10Y,-31.737350792210247,-35.46434616775768,-42.5551280398851,-46.90234545216173,-49.36706874777197
RASIA,20Y,-26.50576661814693,-29.618404161776425,-35.54034171331671,-39.17096390741714,-41.229402271711535
LAM,1D,-36.64416984135644,-39.71253226389771,-49.3021998096759,-53.88011818389643,-56.6825299732435
LAM,6M,-36.28214691179856,-39.3201957112461,-48.8151229599064,-53.34781418262406,-56.12253978532264
LAM,1Y,-35.92292958973209,-38.93089969078569,-48.33182086125632,-52.81963543412364,-55.56688941275065
LAM,5Y,-33.214125241716516,-35.99527635608135,-44.6873116858715,-48.83671812312994,-51.376812674410715
LAM,10Y,-30.203775506846732,-32.73285803717294,-40.63709401773778,-44.41042056496861,-46.72029460303868
LAM,20Y,-25.22498584752318,-27.337174471764374,-33.93847637523119,-37.089807861270245,-39.0189223160731
MEA,1D,-42.89750277919555,-50.15585258881312,-57.978770594012246,-64.03641047227046,-67.35801918787158
MEA,6M,-42.47370058381018,-49.66034214970959,-57.405974308177996,-63.40376825338801,-66.69256142088766
MEA,1Y,-42.05318277324457,-49.168671820407155,-56.83761708246778,-62.776028889003854,-66.0322608225354
MEA,5Y,-38.88212056743218,-45.46105906347489,-52.55171985631726,-58.04233979549823,-61.05303231115839
MEA,10Y,-35.3580542104374,-41.34071309311814,-47.7887145149115,-52.78169418333728,-55.519513716483715
MEA,20Y,-29.529633368254224,-34.52611089842163,-39.911223914265506,-44.08116092907549,-46.367678353396705
AFR,1D,-46.84411327021263,-51.14511998281819,-62.91722237112778,-69.35731487533315,-72.68888907982002
AFR,6M,-46.38132087535031,-50.63983616143737,-62.295637074993365,-68.6721052382711,-71.97076544146475
AFR,1Y,-45.92211503179172,-50.13846819167477,-61.67886894435038,-67.99220584300303,-71.25820712202997
AFR,5Y,-42.45931212877502,-46.35772697174738,-57.02791229116876,-62.865185721811685,-65.88491091572273
AFR,10Y,-38.61102836157002,-42.15611184315478,-51.85920893389121,-57.16742328510886,-59.91345682311406
AFR,20Y,-32.24638733519051,-35.20709933727093,-43.310738126914515,-47.743946546660965,-50.037323979469086
ROW,1D,-33.18971871860455,-36.75404771194042,-44.4593394805517,-49.038212087169256,-51.57806916384781
ROW,6M,-32.861823742303294,-36.3909392533946,-44.02010725357975,-48.553743281437406,-51.06850805820745
ROW,1Y,-32.53646988847465,-36.0306448149793,-43.58427899117979,-48.07302901498949,-50.562895952308786
ROW,5Y,-30.083024913091297,-33.313718092930486,-40.29776294739427,-44.44803429698342,-46.750150333615636
ROW,10Y,-27.356461277525106,-30.29434179749152,-36.645390376336174,-40.419503444894296,-42.512968061382814
ROW,20Y,-22.847022830223963,-25.300623192902712,-30.60476507019791,-33.75675342740677,-35.505131384700306
