region,index,2025,2030,2035,2040,2045
EU27,Basic Materials,1.4529028318558088,1.868900738047512,2.2239815575173782,2.521797233640147,2.8009616235942265
EU27,Consumer Goods,1.3527951109698206,1.7336117929862707,2.0619631037873707,2.339020582232846,2.5982863591832372
EU27,Consumer Services,0.2802430921005395,0.3574008121683374,0.4248113035057284,0.48213055773105445,0.5356665850466109
EU27,Financials,-0.43309654853150364,-0.5086574257756374,-0.5972184475945097,-0.6836379644275133,-0.7621263933640332
EU27,Government,0.2097966506381812,0.2567663695633647,0.3034767381130071,0.34604412408765406,0.38495723063720855
EU27,Health Care,2.2351552409006543,2.871715696213567,3.4167966165759522,3.8748313633066376,4.303958388861906
EU27,Industrials,1.0076984374334679,1.2872694260182576,1.5306545854337565,1.7369816982162796,1.9297810585249604
EU27,Oil & Gas,0.9778729748495604,1.2585674219969796,1.4978558174747982,1.6983705719420779,1.8863442610363064
EU27,Technology,0.06313013484512019,0.07562177909135662,0.08910975477648538,0.1018104005625684,0.1134007432555589
EU27,Telecommunications,0.11781217681180595,0.1411238298633683,0.1662948164317989,0.18999650391662753,0.21162616629587036
EU27,UK Real Estate,-0.4586450019319365,-0.5505133804246615,-0.6486813634924153,-0.7410637096025046,-0.8251654794842935
EU27,Utilities,0.8803315367649296,1.177657939320496,1.4115083733601144,1.5966686636464438,1.7703195380450858
EU27,FTSE,-1.0129810331347495,-1.2958216713013153,-1.5410537409847191,-1.7485719918793436,-1.9425056402056902
CHN,Basic Materials,2.159710721895477,2.976647438134873,3.6692006052943107,4.148085233089206,4.619817343377606
CHN,Consumer Goods,2.3003162020808556,3.170101591647751,3.9076479526591394,4.417708297394528,4.920119660508847
CHN,Consumer Services,0.5455684932386105,0.7509515087523979,0.9254307081564467,1.0463276084827713,1.1653463705097695
CHN,Financials,-0.2216641605179259,-0.2869770341694404,-0.348654553557878,-0.3961677381216754,-0.4416637412827825
CHN,Government,0.3389032344182012,0.4959234208287241,0.622527885555917,0.7015459475850542,0.7812418400043953
CHN,Health Care,3.6946121057623325,5.089061640008215,6.272310000280244,7.091296354926564,7.8978300524178096
CHN,Industrials,1.7962815934542875,2.490890616077999,3.0769219731989392,3.4775183287924873,3.8730826052872556
CHN,Oil & Gas,1.4585780024884418,2.0145892895451945,2.484828124836027,2.8087687824366965,3.1281604731695745
CHN,Technology,0.08858301771213636,0.11807539552624995,0.14464498483624139,0.16401411558979942,0.18279885298387588
CHN,Telecommunications,0.165311830409186,0.22034990752023956,0.2699335360248402,0.3060798148602568,0.34113551066486275
CHN,UK Real Estate,-0.44751672531351655,-0.6423364450764024,-0.803450287325709,-0.9068179883673576,-1.010215403762993
CHN,Utilities,1.2269379656554482,2.33102424927537,3.0935521234247285,3.440393254874811,3.825404500820418
CHN,FTSE,-1.8579911257018316,-2.5874871350041793,-3.1989672934171103,-3.6141855806864496,-4.024995613873517
USA,Basic Materials,0.8612032580061457,1.1431070438336948,1.3551808205892428,1.5290817669795778,1.6916379464032476
USA,Consumer Goods,0.7499150145619499,0.9853321456933948,1.1677460314732968,1.3193926513127598,1.4605275158477042
USA,Consumer Services,0.1432244847067094,0.18676704110741027,0.22125528889378063,0.2502249419775718,0.2771140970067965
USA,Financials,-0.25203844476097387,-0.3001791194481532,-0.35289025433166116,-0.40338017923002645,-0.44915856042735036
USA,Government,0.29290343959691867,0.37310278882135506,0.4425134302571053,0.502571758600058,0.5573858861018757
USA,Health Care,1.2219746481447542,1.6148875560068665,1.9142980962256355,2.1612303599983154,2.391630885532598
USA,Industrials,0.5259180868574723,0.6919865922049229,0.8201605625166468,0.9264602216400193,1.0255215160561058
USA,Oil & Gas,0.5771893797452301,0.7662459331410472,0.9084353310188946,1.0250008724321127,1.133962274044508
USA,Technology,0.03853995277160769,0.04720734896562528,0.055723681189573125,0.06352055376058637,0.07061652554876784
USA,Telecommunications,0.07192247793207852,0.08809739685808342,0.10399040326805432,0.11854076867070852,0.13178312725289432
USA,UK Real Estate,-0.5669186108942126,-0.7001822136010749,-0.8271718611084844,-0.9421981091349785,-1.0468211862132375
USA,Utilities,0.2482121139676052,0.35412502947212576,0.42440508465762083,0.4766612811797965,0.525345537806188
USA,FTSE,-0.47941694885468134,-0.6228657112297802,-0.7376370831927246,-0.8345528724694797,-0.9244285703686461
GBR,Basic Materials,1.23100097675897,1.6138663556375887,1.923870915654818,2.176197694381432,2.41489687148031
GBR,Consumer Goods,0.9881984175841906,1.283623706579731,1.528419161938071,1.73061509657852,1.9210784310696476
GBR,Consumer Services,0.17809107256638845,0.22865274116816237,0.271861630905903,0.30820382406966446,0.34228669398195305
GBR,Financials,-0.2432411389206492,-0.28526734217049543,-0.3348989004302848,-0.38341149734916774,-0.42747335099227624
GBR,Government,0.29191703681080367,0.3511047705206777,0.4140251684775095,0.4728464919613998,0.5265348754126624
GBR,Health Care,1.640967063295603,2.138283876648881,2.547230158842525,2.8831824301984383,3.200232396816824
GBR,Industrials,0.6968798973579158,0.89600295877332,1.0658388802979486,1.208279435193094,1.3418610521148242
GBR,Oil & Gas,0.909401385423216,1.1924355966117337,1.421589929568853,1.6081042913566248,1.78442455436004
GBR,Technology,0.04597907509624092,0.05450577914491852,0.06412029101226227,0.07332901890590461,0.0817194928390039
GBR,Telecommunications,0.08580521708326994,0.10171757918211942,0.11965998616182295,0.13684512732268433,0.15250325954379026
GBR,UK Real Estate,-0.26473295887740467,-0.3134667096809885,-0.36853955470439775,-0.4215215317991972,-0.4697060323865322
GBR,Utilities,2.85449766317229,3.74571911655037,4.466993316000662,5.054778245710743,5.607172418159849
GBR,FTSE,-0.8702862902271217,-1.1239793372771065,-1.337515369970956,-1.5155851044261817,-1.682623067032441
CHE,Basic Materials,1.0178763272267435,1.219682894519509,1.4334472586124967,1.6360738836108386,1.821646632265337
CHE,Consumer Goods,0.9159172164024787,1.0959076904433334,1.288135197840192,1.4705975460689877,1.6376478459121477
CHE,Consumer Services,0.20148406506356012,0.24089562429322411,0.2832001040680571,0.32336563308179667,0.36013729169656505
CHE,Financials,-0.18116833673453234,-0.21273962974018515,-0.2499139379846971,-0.2860672485904251,-0.31902317116049655
CHE,Government,0.26075291748580387,0.3110808314668806,0.36631132206736194,0.41863620602657353,0.46647916032128584
CHE,Health Care,1.5670218699405027,1.8764952179496024,2.2052927674285683,2.5172426468455833,2.8028818043266885
CHE,Industrials,1.1273163906011074,1.3621951989340542,1.6060455060085432,1.8324512719570851,2.040351222821414
CHE,Oil & Gas,0.7080973367127316,0.8485793899457472,0.9974362706500115,1.1384572231236139,1.2676434912439238
CHE,Technology,0.059568973030017194,0.07033890370822148,0.08275328466587265,0.09467448278218539,0.10556721491655786
CHE,Telecommunications,0.11116640888424399,0.13126503500668724,0.15443250087667293,0.17667959893425245,0.19700739464269973
CHE,UK Real Estate,-1.0240336350263337,-1.199468287636089,-1.4079328071501325,-1.61212440410618,-1.7975892061997991
CHE,Utilities,2.2369835110888814,2.693774537360179,3.1752397996914006,3.6247702410366993,4.038668217335248
CHE,FTSE,-0.9088594295482862,-1.0911807548284247,-1.2843629755498744,-1.4661310583660274,-1.6328596985219317
RUS,Basic Materials,1.3210921946597907,2.03879538099403,2.6877679467854714,3.029141230403468,3.4415797698048713
RUS,Consumer Goods,1.1631019693146116,1.7983860456373573,2.3727103487518795,2.6739052336499114,3.0384090451118895
RUS,Consumer Services,0.26167553322518816,0.40331519262295307,0.5315983786830406,0.5991759753807228,0.6807689730434145
RUS,Financials,-0.1210747806920049,-0.16087490663797804,-0.20135276603854135,-0.22880124468717145,-0.2581334716148977
RUS,Government,0.25786027672832573,0.40147514271435136,0.53279503843308,0.6005774390887398,0.6834581396893118
RUS,Health Care,2.107965360083552,3.2663346014700254,4.311714574011836,4.8584369264142575,5.520950479217936
RUS,Industrials,0.9307668700124637,1.4358012707396475,1.8928271798188816,2.1333437020063717,2.4238374082962544
RUS,Oil & Gas,0.891669099014552,1.3842900598039334,1.8288162287753338,2.060589556055784,2.341937548751589
RUS,Technology,0.0525509619579798,0.07373767976653114,0.09425304736041441,0.10677441051664353,0.12082368175714511
RUS,Telecommunications,0.0980695390087951,0.13760776192953747,0.1758931247005723,0.19926023857900116,0.2254787035248421
RUS,UK Real Estate,-0.38629574445379383,-0.5583797817621472,-0.7223436675964197,-0.8171347224810633,-0.9264991879620604
RUS,Utilities,0.8404784567849222,1.834963782366388,2.672508028431573,2.9785487105248993,3.4350191937926815
RUS,FTSE,-0.9449034710838712,-1.5040618042290805,-2.004714907115576,-2.25654422873048,-2.56824603251386
IND,Basic Materials,2.953389553103141,4.497289523114654,5.680055585615732,6.38306006011442,7.1049917605332435
IND,Consumer Goods,2.987768140309848,4.549467572491493,5.746010052456302,6.457216805169663,7.187546383891757
IND,Consumer Services,0.6835291451037434,1.0403004978388535,1.313840436808467,1.4765194894883864,1.6435332933313567
IND,Financials,-0.45950997277684047,-0.597264270667579,-0.7259289731869063,-0.8246227545818731,-0.9193106833733624
IND,Government,0.14850136178804152,0.23849801289752312,0.30601619571971844,0.3431260381545382,0.38192968835279695
IND,Health Care,5.105486115712819,7.774562780611944,9.819339077094972,11.03465141935568,12.282689491325634
IND,Industrials,2.243267433067144,3.4104998498082066,4.306692427053758,4.840371840941079,5.38801498957703
IND,Oil & Gas,2.012539888829373,3.065859180395945,3.87245375823371,4.35161767804841,4.843768300708279
IND,Technology,0.05798190878764857,0.08431904345996914,0.10569949178084352,0.11919215482326985,0.13276373989772153
IND,Telecommunications,0.10820466179480183,0.15735448817081213,0.1972542470430876,0.2224339810626059,0.24776099777705482
IND,UK Real Estate,-0.3842274763931676,-0.540729315705805,-0.6726044393120034,-0.7600942520170401,-0.8469257562027959
IND,Utilities,0.7769026663820809,1.4313744059394895,1.8752401404142685,2.0858925638235113,2.318488141778538
IND,FTSE,-2.281203845003343,-3.4693036839041937,-4.380522666096291,-4.923090315689092,-5.479974361852719
TUR,Basic Materials,1.5689579197552246,2.4447464098956844,3.0153195740358973,3.378255075020366,3.7667537376175493
TUR,Consumer Goods,1.4313882660405068,2.230096763090668,2.750451501909015,3.081678109527787,3.436154211834645
TUR,Consumer Services,0.3327161801057824,0.5169701310985868,0.6373404141107327,0.7142482108199956,0.7964299699576822
TUR,Financials,-0.14566879544286096,-0.19137548753728648,-0.22968162262802422,-0.26068330137611023,-0.29095976158861675
TUR,Government,0.4685645800267501,0.7532371359460951,0.9326273372332162,1.044725500183937,1.1659531055782848
TUR,Health Care,2.6250394097748257,4.0858897974759705,5.038821040073495,5.645846678224573,6.295225954268082
TUR,Industrials,1.232615099845597,1.949130091944625,2.4100609393836083,2.6986945033009024,3.009576650030019
TUR,Oil & Gas,1.0644143977257376,1.6652872477752616,2.055253979550247,2.302156293789668,2.566994446248387
TUR,Technology,0.10047055717810306,0.14533970111282143,0.1772282634099735,0.19982166003585664,0.22301099227110274
TUR,Telecommunications,0.18749611537638408,0.2712300014452181,0.33073978942275417,0.3729031278125431,0.41617858914569283
TUR,UK Real Estate,-0.24426319949522496,-0.3664825317028903,-0.44940072535308784,-0.505563024725486,-0.5642822650360413
TUR,Utilities,1.0172205222890518,2.0962878847669764,2.680050581998593,2.965359093215251,3.3118019441929794
TUR,FTSE,-1.2329406175191744,-1.9607495359757692,-2.4257274261327924,-2.7150962719981675,-3.0279556803911
RASIA,Basic Materials,1.9180607588615923,2.6016615581397247,3.177332971581549,3.5927239502324633,3.999209962710321
RASIA,Consumer Goods,1.8933894268990072,2.566372249253057,3.1342842152184462,3.544391563252556,3.9455408159366065
RASIA,Consumer Services,0.43996188361733973,0.5953451500695633,0.726886668871201,0.8221219481332956,0.9152025406465553
RASIA,Financials,-0.26117984569063724,-0.323163867438608,-0.38689396721259206,-0.4410607489976059,-0.49184220097280296
RASIA,Government,0.3243630126660711,0.45127431846319543,0.5581470825483661,0.6308543168646337,0.7026394612167705
RASIA,Health Care,3.224930406905517,4.372719660845533,5.3400166282237915,6.038373141920103,6.721637540727498
RASIA,Industrials,1.5342411652517807,2.0829659108092358,2.545428990494319,2.878285674271016,3.2040729112390185
RASIA,Oil & Gas,1.2932844060834874,1.7556198142521733,2.1445492638443437,2.4247933562546575,2.6991274163385373
RASIA,Technology,0.10536990388885066,0.13413103932781578,0.16183705797956435,0.18407314254550378,0.20518012991316206
RASIA,Telecommunications,0.1966391768060011,0.2503126242326,0.30201703411797354,0.34351356399093674,0.3829029955805214
RASIA,UK Real Estate,-0.7585138276797344,-0.991885938871531,-1.2076272061035433,-1.3711209869335719,-1.5282808147991083
RASIA,Utilities,1.1815587373813428,1.877184042664472,2.3823408475100267,2.66828388738118,2.96712485037434
RASIA,FTSE,-1.5261585194949039,-2.074932675047808,-2.5362495251711548,-2.8675543602926665,-3.1920542082756906
LAM,Basic Materials,1.5697239102543332,3.015861554034689,3.2661281073566433,3.378246901904266,3.5759297475310508
LAM,Consumer Goods,1.38457425686535,2.64705194905934,2.868261497129858,2.969240501448168,3.1444332761061697
LAM,Consumer Services,0.31788181378790165,0.6047795022281686,0.655666737221885,0.6793161368125235,0.7197250515233049
LAM,Financials,-0.26970032695372115,-0.3935654895078207,-0.44113717375676753,-0.4802339258086553,-0.5222520886732823
LAM,Government,0.24530080413588953,0.48154141697373576,0.517915187519277,0.5326758915268527,0.5618924517491022
LAM,Health Care,2.5992716952834853,4.9813215511018445,5.396310840136981,5.584021948507459,5.912222936538104
LAM,Industrials,1.1883699576174105,2.272593260959493,2.462811857210515,2.5495488431092492,2.7000275959914966
LAM,Oil & Gas,1.059901999675886,2.0359752776424815,2.2049828009652694,2.2807533163520697,2.414260046308413
LAM,Technology,0.06654993449196166,0.10175193379671597,0.11351673020173794,0.1225150844716285,0.13266211817085286
LAM,Telecommunications,0.12419413752903041,0.1898873944244156,0.21184261878159097,0.22863516495404002,0.24757135337215777
LAM,UK Real Estate,-0.3201028735317058,-0.5227734188571093,-0.5762799832449277,-0.6133436606066256,-0.6592394021657065
LAM,Utilities,0.5383911251946715,1.2976999788946706,1.3630783649554836,1.3545228224351276,1.4007379072832666
LAM,FTSE,-1.1560928943000655,-2.2035578824985826,-2.3880856078615396,-2.473260095596494,-2.619799718948465
MEA,Basic Materials,0.9630290540781741,1.4361746934492619,1.758076677385578,1.9769838715962624,2.2044239657306193
MEA,Consumer Goods,0.9926883696481765,1.4903791859665283,1.8260362053135815,2.0526921115213166,2.289000646987696
MEA,Consumer Services,0.22384203964190186,0.33610467607727573,0.41181150873311134,0.46293673174568684,0.5162428803970278
MEA,Financials,-0.20940123106893688,-0.2771474637637558,-0.33305730882979545,-0.37779001028990594,-0.42152623069037704
MEA,Government,0.17637530283687003,0.2810121885674424,0.34746007694417796,0.3894712091493333,0.4345428654726929
MEA,Health Care,1.5950202012893853,2.3772865905525267,2.9099333191977204,3.2724697790223027,3.649027907325044
MEA,Industrials,0.7992491572903909,1.1825200875944875,1.4465505801950935,1.6276490222947173,1.8150075739326559
MEA,Oil & Gas,0.64696767879626,0.966661463444618,1.1836842516450983,1.330930701859287,1.4840611420972114
MEA,Technology,0.055917353546520825,0.07774864634968297,0.09428922725822715,0.10659695332578402,0.11894318374894226
MEA,Telecommunications,0.1043518306912059,0.14509294638922274,0.1759606428918229,0.1989290715698168,0.22196935629502595
MEA,UK Real Estate,-0.41897749198598544,-0.6174324230507113,-0.754799484919867,-0.8501584969783474,-0.9487787138272952
MEA,Utilities,0.4144558068171085,0.9363312323029345,1.204344648184679,1.3285904692430428,1.4828770812733238
MEA,FTSE,-0.7295951393683858,-1.1009535724475146,-1.3500011954106799,-1.5171489077825573,-1.6918427430450738
AFR,Basic Materials,1.31730555491471,2.1188472143187633,2.61880196490465,2.931579936602978,3.2689890658908536
AFR,Consumer Goods,1.210815216656163,1.943289925379344,2.4012422406827336,2.688465825177873,2.9979338267556863
AFR,Consumer Services,0.2640636026622242,0.4222486695673418,0.5215155914996736,0.5840384325745616,0.651285597121492
AFR,Financials,-0.09807664965175744,-0.13540453079998482,-0.1637518500395475,-0.18521116734357757,-0.20667733950599815
AFR,Government,0.4511854410273042,0.8327439745889048,1.0483058710578994,1.1661536153005796,1.3012747073412803
AFR,Health Care,2.2771822479416874,3.6712469486378025,4.539079250733243,5.080652525784411,5.665503728572712
AFR,Industrials,1.016505439887395,1.6459103733390466,2.0367016309039383,2.2793947728764774,2.5419671779873116
AFR,Oil & Gas,0.9012436161679381,1.453445427460374,1.797081302745468,2.011440072169388,2.2429674778240294
AFR,Technology,0.04394671696360957,0.0630252170450476,0.07669694732994606,0.08653472395012443,0.09657206844887663
AFR,Telecommunications,0.08201247157030858,0.11761638134196926,0.14313028701632544,0.16148934614798974,0.1802208348056511
AFR,UK Real Estate,-0.53786683951554,-0.8376895381638657,-1.0321002151688607,-1.1586918826341541,-1.2932320622649756
AFR,Utilities,0.6107993582306057,1.5311617020977624,1.987875891076021,2.184612253475713,2.4382958796034164
AFR,FTSE,-0.9559717294120126,-1.5615964709045034,-1.9344167583613077,-2.1638212360215734,-2.413082396330239
ROW,Basic Materials,1.1331237067048725,1.6977484729254568,2.0699797582071975,2.3124761197827928,2.5607498068415717
ROW,Consumer Goods,1.0567558949548757,1.5820152636050193,1.9287170056712324,2.1548433832010443,2.3862336195851137
ROW,Consumer Services,0.23406486432563656,0.349040844628134,0.42531986442375697,0.4753466179159802,0.5264410750853274
ROW,Financials,-0.22003647744178811,-0.2886552348933275,-0.345426012527595,-0.3906958964150433,-0.4342367936792373
ROW,Government,0.2969003252930661,0.4599976323765966,0.5635617783764808,0.6279700456250028,0.6947511280145421
ROW,Health Care,1.7995566556853375,2.690681796138679,3.279747693017132,3.664629686653396,4.058289024557293
ROW,Industrials,0.8478826777408087,1.258506633117608,1.5329166430559362,1.7139906927460826,1.8985613417092353
ROW,Oil & Gas,0.7676566651418356,1.1509907660750918,1.4035073782249485,1.5678470260586566,1.7361562284863319
ROW,Technology,0.0562095847040484,0.07703896908005249,0.09283349398653588,0.1045644098440922,0.11607216980624326
ROW,Telecommunications,0.1048971865483575,0.14376856106715516,0.1732439829953079,0.19513598016219927,0.21661152832465597
ROW,UK Real Estate,-0.45507803969532307,-0.6186354931945224,-0.7443605229684712,-0.8390066794869929,-0.9315441167209133
ROW,Utilities,0.6217128698342396,1.1355165300411476,1.4189558861165288,1.5625367179889995,1.7228949793206947
ROW,FTSE,-0.8001493788279266,-1.1999298081084349,-1.4633045649043301,-1.6346789150641636,-1.8101569188793853
