scenario,region,0.0,0.1,0.2,0.3,0.4,0.5,0.6,0.7,0.8,0.9,1.0
Below 2?C,EU27,-0.919014,-0.811615,-0.698030,-0.576425,-0.444307,-0.298234,-0.133360,0.057303,0.284109,0.562915,0.919014
Below 2?C,CHN,-4.287405,-3.795918,-3.272966,-2.709766,-2.094540,-1.411211,-0.637400,0.258793,1.324132,2.629568,4.287405
Below 2?C,USA,-1.025361,-0.882655,-0.732230,-0.572789,-0.402696,-0.219857,-0.021534,0.195933,0.437572,0.710527,1.025361
Below 2?C,GBR,-0.578253,-0.509339,-0.437168,-0.360657,-0.278287,-0.187883,-0.086267,0.031315,0.172188,0.348028,0.578253
Below 2?C,CHE,-0.221820,-0.208365,-0.194065,-0.178253,-0.159888,-0.137324,-0.107934,-0.067444,-0.008735,0.080414,0.221820
Below 2?C,RUS,-3.971422,-3.425689,-2.853152,-2.248065,-1.603060,-0.908530,-0.151726,0.684647,1.624667,2.702963,3.971422
Below 2?C,IND,-6.242174,-5.359405,-4.431926,-3.451646,-2.408472,-1.289642,-0.078785,1.245487,2.711699,4.358883,6.242174
Below 2?C,TUR,-3.832002,-3.341453,-2.817034,-2.252663,-1.640759,-0.971753,-0.233380,0.590376,1.520897,2.587528,3.832002
Below 2?C,RASIA,-2.819749,-2.484932,-2.129260,-1.747256,-1.331648,-0.872614,-0.356631,0.235344,0.930849,1.771014,2.819749
Below 2?C,LAM,-2.403199,-2.065445,-1.710343,-1.334951,-0.935532,-0.507246,-0.043681,0.463867,1.027581,1.665119,2.403199
Below 2?C,MEA,-3.024909,-2.579409,-2.112782,-1.621797,-1.102474,-0.549840,0.042441,0.682620,1.381745,2.155123,3.024909
Below 2?C,AFR,-5.579073,-4.701040,-3.788999,-2.838372,-1.843646,-0.798105,0.306556,1.480787,2.738024,4.096019,5.579073
Below 2?C,ROW,-3.125011,-2.682831,-2.218356,-1.727601,-1.205580,-0.645960,-0.040560,0.621418,1.354577,2.179277,3.125011
Current Policies,EU27,-0.023623,-0.022076,-0.020394,-0.018497,-0.016270,-0.013543,-0.010061,-0.005433,0.000951,0.010082,0.023623
Current Policies,CHN,-0.402650,-0.356635,-0.307640,-0.254835,-0.197112,-0.132954,-0.060256,0.023977,0.124134,0.246859,0.402650
Current Policies,USA,-0.026357,-0.023418,-0.020271,-0.016862,-0.013119,-0.008941,-0.004188,0.001340,0.007934,0.016040,0.026357
Current Policies,GBR,-0.014864,-0.013987,-0.013041,-0.011977,-0.010720,-0.009156,-0.007109,-0.004303,-0.000290,0.005671,0.014864
Current Policies,CHE,-0.005702,-0.006065,-0.006442,-0.006805,-0.007103,-0.007249,-0.007093,-0.006381,-0.004663,-0.001135,0.005702
Current Policies,RUS,-0.427131,-0.368183,-0.306341,-0.240994,-0.171361,-0.096426,-0.014847,0.075187,0.176182,0.291720,0.427131
Current Policies,IND,-0.586232,-0.502633,-0.414855,-0.322161,-0.223634,-0.118120,-0.004144,0.120215,0.257507,0.411213,0.586232
Current Policies,TUR,-0.170270,-0.150647,-0.129475,-0.106418,-0.081041,-0.052781,-0.020891,0.015635,0.058191,0.108758,0.170270
Current Policies,RASIA,-0.264816,-0.232838,-0.198894,-0.162486,-0.122956,-0.079422,-0.030671,0.024997,0.090031,0.168083,0.264816
Current Policies,LAM,-0.743402,-0.634381,-0.519861,-0.399060,-0.271027,-0.134589,0.011720,0.169771,0.342005,0.531698,0.743402
Current Policies,MEA,-0.134408,-0.115378,-0.095419,-0.074364,-0.052004,-0.028063,-0.002178,0.026142,0.057590,0.093169,0.134408
Current Policies,AFR,-0.247899,-0.209578,-0.169748,-0.128185,-0.084611,-0.038681,0.010045,0.062140,0.118369,0.179784,0.247899
Current Policies,ROW,-0.244961,-0.210338,-0.173977,-0.135564,-0.094709,-0.050910,-0.003519,0.048326,0.105795,0.170537,0.244961
Delayed transition,EU27,-1.142573,-1.010202,-0.870172,-0.720169,-0.557047,-0.376446,-0.172213,0.064547,0.347047,0.695573,1.142573
Delayed transition,CHN,-5.652644,-5.004437,-4.314722,-3.571928,-2.760531,-1.859356,-0.838924,0.342767,1.747281,3.467990,5.652644
Delayed transition,USA,-1.274790,-1.097970,-0.911556,-0.713915,-0.502990,-0.276134,-0.029886,0.240401,0.541128,0.881413,1.274790
Delayed transition,GBR,-0.718919,-0.634140,-0.545331,-0.451124,-0.349593,-0.237974,-0.112221,0.033737,0.209271,0.429349,0.718919
Delayed transition,CHE,-0.275780,-0.259732,-0.242675,-0.223769,-0.201695,-0.174364,-0.138429,-0.088430,-0.015251,0.096798,0.275780
Delayed transition,RUS,-5.124877,-4.420687,-3.681913,-2.901142,-2.068864,-1.172678,-0.196126,0.883123,2.096166,3.487733,5.124877
Delayed transition,IND,-8.229872,-7.065221,-5.841645,-4.548499,-3.172508,-1.696897,-0.100151,1.645825,3.578486,5.749059,8.229872
Delayed transition,TUR,-4.947990,-4.314824,-3.637931,-2.909451,-2.119583,-1.255955,-0.302700,0.760905,1.962538,3.340206,4.947990
Delayed transition,RASIA,-3.717642,-3.275366,-2.805591,-2.301123,-1.752411,-1.146562,-0.465834,0.314747,1.231283,2.337673,3.717642
Delayed transition,LAM,-3.372240,-2.896087,-2.395543,-1.866544,-1.303946,-0.701111,-0.049287,0.663358,1.453305,2.344329,3.372240
Delayed transition,MEA,-3.905849,-3.330748,-2.728383,-2.094574,-1.424176,-0.710754,0.053891,0.880447,1.783233,2.782111,3.905849
Delayed transition,AFR,-7.203859,-6.070213,-4.892667,-3.665305,-2.381006,-1.031086,0.395193,1.911347,3.534767,5.288439,7.203859
Delayed transition,ROW,-4.058882,-3.484533,-2.881237,-2.243820,-1.565808,-0.838977,-0.052697,0.807062,1.759281,2.830432,4.058882
Fragmented World,EU27,-0.105938,-0.098754,-0.090985,-0.082273,-0.072101,-0.059708,-0.043959,-0.023129,0.005461,0.046103,0.105938
Fragmented World,CHN,-1.470636,-1.301666,-1.121936,-0.928444,-0.717162,-0.482593,-0.217083,0.090277,0.455481,0.902796,1.470636
Fragmented World,USA,-0.118196,-0.103198,-0.087361,-0.070493,-0.052340,-0.032556,-0.010656,0.014050,0.042580,0.076478,0.118196
Fragmented World,GBR,-0.066657,-0.061999,-0.057053,-0.051613,-0.045366,-0.037842,-0.028312,-0.015633,0.002029,0.027714,0.066657
Fragmented World,CHE,-0.025570,-0.026871,-0.028212,-0.029470,-0.030431,-0.030726,-0.029726,-0.026354,-0.018727,-0.003489,0.025570
Fragmented World,RUS,-2.206510,-1.901247,-1.580991,-1.242601,-0.882068,-0.494201,-0.072160,0.393256,0.914727,1.510272,2.206510
Fragmented World,IND,-2.141147,-1.840251,-1.523961,-1.189435,-0.833122,-0.450519,-0.035841,0.418485,0.922572,1.490270,2.141147
Fragmented World,TUR,-2.428487,-2.103885,-1.758101,-1.387707,-0.988514,-0.555334,-0.081663,0.440793,1.022819,1.678789,2.428487
Fragmented World,RASIA,-0.967211,-0.851713,-0.729120,-0.597569,-0.454587,-0.296834,-0.119710,0.083264,0.321455,0.608855,0.967211
Fragmented World,LAM,0.000000,-0.005198,-0.010665,-0.016264,-0.021761,-0.026766,-0.030639,-0.032331,-0.030104,-0.021025,0.000000
Fragmented World,MEA,-1.917001,-1.627900,-1.325469,-1.007855,-0.672832,-0.317684,0.060944,0.467282,0.906782,1.386687,1.917001
Fragmented World,AFR,-3.535673,-2.972937,-2.388743,-1.780382,-1.144638,-0.477663,0.225212,0.969722,1.763041,2.614336,3.535673
Fragmented World,ROW,-0.972871,-0.835860,-0.691928,-0.539812,-0.377930,-0.204262,-0.016186,0.189775,0.418347,0.676159,0.972871
Low demand,EU27,-1.614109,-1.425529,-1.226067,-1.012500,-0.780450,-0.523876,-0.234268,0.100639,0.499020,0.988709,1.614109
Low demand,CHN,-7.696244,-6.814494,-5.876209,-4.865609,-3.761528,-2.535085,-1.146073,0.462804,2.375530,4.719488,7.696244
Low demand,USA,-1.800891,-1.551183,-1.287876,-1.008660,-0.710625,-0.390039,-0.042018,0.339972,0.764918,1.245591,1.800891
Low demand,GBR,-1.015614,-0.895276,-0.769197,-0.635459,-0.491363,-0.333049,-0.154876,0.051601,0.299390,0.609231,1.015614
Low demand,CHE,-0.389593,-0.366205,-0.341349,-0.313845,-0.281850,-0.242456,-0.191016,-0.119976,-0.016753,0.140254,0.389593
Low demand,RUS,-5.734147,-4.949095,-4.125480,-3.254941,-2.326718,-1.326739,-0.236254,0.970288,2.328644,3.890561,5.734147
Low demand,IND,-11.205217,-9.619190,-7.952951,-6.192017,-4.318325,-2.309056,-0.134937,2.242246,4.873441,7.828315,11.205217
Low demand,TUR,-6.466137,-5.640023,-4.756728,-3.805937,-2.774789,-1.647036,-0.401826,0.988094,2.559148,4.361397,6.466137
Low demand,RASIA,-5.061681,-4.460626,-3.822081,-3.136217,-2.389983,-1.565759,-0.639294,0.423545,1.672098,3.180018,5.061681
Low demand,LAM,-5.627866,-4.826174,-3.983499,-3.093247,-2.147150,-1.134645,-0.041960,1.149308,2.464460,3.939501,5.627866
Low demand,MEA,-5.104246,-4.354474,-3.569047,-2.742448,-1.867878,-0.936813,0.061632,1.141675,2.322417,3.630416,5.104246
Low demand,AFR,-9.414154,-7.934411,-6.397254,-4.794900,-3.117964,-1.354992,0.508203,2.489515,4.612005,6.906229,9.414154
Low demand,ROW,-5.645677,-4.846096,-4.006230,-3.118898,-2.175126,-1.163525,-0.069391,1.126662,2.450826,3.939575,5.645677
Nationally Determined Contributions (NDCs),EU27,-0.882586,-0.777761,-0.666783,-0.547914,-0.418825,-0.276345,-0.116067,0.068259,0.285740,0.550059,0.882586
Nationally Determined Contributions (NDCs),CHN,-2.433640,-2.161354,-1.871456,-1.558798,-1.216413,-0.834710,-0.400214,0.106459,0.713993,1.466320,2.433640
Nationally Determined Contributions (NDCs),USA,-0.984717,-0.847045,-0.701868,-0.547952,-0.383757,-0.207326,-0.016132,0.193161,0.425065,0.685879,0.984717
Nationally Determined Contributions (NDCs),GBR,-0.555332,-0.488018,-0.417430,-0.342546,-0.261950,-0.173642,-0.074740,0.039014,0.174087,0.340643,0.555332
Nationally Determined Contributions (NDCs),CHE,-0.213027,-0.199307,-0.184575,-0.168184,-0.149146,-0.125937,-0.096179,-0.056076,0.000570,0.084189,0.213027
Nationally Determined Contributions (NDCs),RUS,-1.579753,-1.366634,-1.142952,-0.906324,-0.653654,-0.380854,-0.082420,0.249235,0.624875,1.060300,1.579753
Nationally Determined Contributions (NDCs),IND,-3.543217,-3.056794,-2.544627,-2.001659,-1.421502,-0.795976,-0.114446,0.637161,1.477857,2.433989,3.543217
Nationally Determined Contributions (NDCs),TUR,-5.539968,-4.796490,-4.004498,-3.156273,-2.242414,-1.251338,-0.168595,1.024126,2.350454,3.841588,5.539968
Nationally Determined Contributions (NDCs),RASIA,-1.600561,-1.424815,-1.237207,-1.034194,-0.810998,-0.561076,-0.275303,0.059318,0.461768,0.960625,1.600561
Nationally Determined Contributions (NDCs),LAM,-2.432060,-2.086960,-1.724015,-1.340327,-0.932261,-0.495180,-0.023048,0.492173,1.061491,1.700478,2.432060
Nationally Determined Contributions (NDCs),MEA,-4.373145,-3.715382,-3.026989,-2.303685,-1.540323,-0.730636,0.133116,1.060660,2.064491,3.161117,4.373145
Nationally Determined Contributions (NDCs),AFR,-8.065729,-6.784464,-5.453978,-4.068013,-2.619147,-1.098487,0.504743,2.203781,4.015153,5.959932,8.065729
Nationally Determined Contributions (NDCs),ROW,-2.799591,-2.402857,-1.985954,-1.545315,-1.076496,-0.573893,-0.030316,0.563635,1.220528,1.957643,2.799591
Net Zero 2050,EU27,-2.933419,-2.591977,-2.230816,-1.844047,-1.423665,-0.958603,-0.433248,0.174945,0.899437,1.791571,2.933419
Net Zero 2050,CHN,-14.355895,-12.710367,-10.959341,-9.073405,-7.013117,-4.724662,-2.133145,0.868148,4.435615,8.806438,14.355895
Net Zero 2050,USA,-3.272870,-2.819408,-2.341248,-1.834186,-1.292919,-0.710637,-0.078423,0.615667,1.388087,2.262252,3.272870
Net Zero 2050,GBR,-1.845738,-1.627511,-1.398891,-1.156382,-0.895066,-0.607892,-0.284550,0.090419,0.540858,1.104832,1.845738
Net Zero 2050,CHE,-0.708032,-0.666022,-0.621389,-0.571990,-0.514465,-0.443502,-0.350598,-0.221898,-0.034284,0.252000,0.708032
Net Zero 2050,RUS,-12.453735,-10.743674,-8.949629,-7.053560,-5.032306,-2.855653,-0.483466,2.138750,5.086956,8.470550,12.453735
Net Zero 2050,IND,-20.901223,-17.939906,-14.829035,-11.541696,-8.044337,-4.294583,-0.238103,4.196010,9.102261,14.609864,20.901223
Net Zero 2050,TUR,-10.921377,-9.544227,-8.070161,-6.481186,-4.754763,-2.862274,-0.766807,1.580155,4.243838,7.314455,10.921377
Net Zero 2050,RASIA,-9.441614,-8.317858,-7.124193,-5.842368,-4.448162,-2.908887,-1.179568,0.803083,3.130542,5.939355,9.441614
Net Zero 2050,LAM,-10.468106,-8.976349,-7.408370,-5.751926,-3.991663,-2.107976,-0.075301,2.140512,4.586416,7.329223,10.468106
Net Zero 2050,MEA,-8.621127,-7.360760,-6.040195,-4.649942,-3.178250,-1.610319,0.072850,1.896227,3.893568,6.112143,8.621127
Net Zero 2050,AFR,-15.900610,-13.406673,-10.815763,-8.114570,-5.287002,-2.313347,0.830903,4.176793,7.764542,11.647763,15.900610
Net Zero 2050,ROW,-10.369027,-8.900629,-7.358284,-5.728808,-3.995716,-2.138080,-0.128857,2.067617,4.499574,7.234249,10.369027
