ACTIVITY,EU27,USA,CHN,GBR,JPN,IND,CAN,NOR,IDN,RUS,CHL,AUS,SGP,TUR,KOR,KAZ,MEA,AFR,LAM,ROW
A01,449.9500,611.3860,652.1740,48.0550,11.2490,783.5090,73.4360,5.0240,150.7230,135.4040,9.2110,47.2920,0.0080,82.1990,26.0720,36.1310,13.5620,289.0000,925.1820,1922.0180
A02,4.9090,18.6710,7.1620,0.0260,0.5660,6.7140,5.6070,0.0580,1.3330,2.1250,0.2510,3.6840,0.0000,0.0280,0.1390,0.0330,0.0650,1.1210,0.8410,9.0510
A03,5.5880,2.1340,3.5770,0.7040,5.5500,1.5580,1.0250,0.9140,1.6390,4.5270,1.3920,3.6920,0.0550,0.4200,2.5430,0.1330,1.5590,2.9830,2.7960,28.3590
B05,23.5830,32.6930,671.1390,0.8430,0.3500,23.4190,1.3880,0.0780,4.2440,44.4940,0.0090,28.6920,0.0000,5.6770,2.4260,9.2760,0.0000,34.4490,5.7750,56.2950
B06,20.3420,174.6120,49.5310,6.5350,0.4450,16.7160,68.8260,12.8390,19.0650,100.7470,1.0770,25.3950,0.0000,3.2300,0.9760,20.9450,66.5810,68.4940,103.6730,616.0490
B07,7.2750,4.1160,24.5620,0.0000,0.0170,7.5320,5.1050,0.0360,2.0070,1.3530,7.0080,35.2480,0.0000,0.1220,0.0130,2.1060,0.1650,18.6290,15.9600,25.8540
B08,8.8760,5.0900,30.9510,8.0010,0.4920,1.0540,6.4270,0.1980,1.7430,2.0760,0.9160,2.5110,0.0000,0.3410,1.0280,0.5830,2.7350,5.7170,3.3660,27.0490
B09,3.7450,7.4560,2.0760,1.3070,0.0160,2.9730,6.6590,0.5760,1.5040,9.6960,0.1180,1.5390,0.0000,0.0060,0.0140,0.3330,2.2900,1.3220,2.1170,13.0450
C10T12,57.5990,49.9340,30.6530,6.6660,8.4910,2.8530,6.5740,0.5170,14.4460,11.7080,3.2000,1.8430,0.3080,7.4280,6.1370,1.3720,9.1230,18.5510,18.8000,60.2430
C13T15,8.5110,7.2060,15.7580,0.9800,5.3510,15.3240,0.4770,0.0050,5.9270,0.8680,0.2220,1.8280,0.0040,7.0850,4.2970,0.0510,1.2560,2.2500,2.9880,15.3110
C16,4.5040,11.1060,5.2350,0.6710,0.3570,0.9750,11.3810,0.1470,1.8550,6.4860,0.5610,0.1380,0.0000,0.7330,0.5450,0.0210,0.6440,0.9870,1.3740,7.0860
C17_18,31.8040,39.2590,81.9170,1.6050,19.1600,4.8140,37.8590,0.2310,4.1140,4.7190,2.8330,0.6000,0.0580,1.7270,7.0320,0.1240,2.3710,2.0500,11.1870,21.9800
C19,131.4010,116.9660,225.9820,12.7280,46.4350,91.2620,21.4450,4.8000,13.5590,109.2830,2.6190,4.4460,1.4800,11.8510,7.8450,2.7100,23.1170,46.7680,98.8200,183.8660
C20,132.8950,146.4430,635.7710,7.9100,48.4870,49.8540,19.1300,4.0100,8.7200,104.7560,0.5230,11.4180,7.8050,4.1440,22.8940,1.6090,100.3930,15.4410,37.4730,277.7180
C21,5.8950,34.8140,5.5520,0.4910,0.2940,10.8650,0.3170,0.5040,1.2590,0.8460,0.0480,0.7120,0.0390,0.0450,0.0640,0.4350,1.5370,1.1480,3.6650,5.9160
C22,7.4950,24.2710,53.0430,2.6040,1.2740,80.5770,1.0080,0.0470,28.9510,3.0480,0.2570,0.4630,0.0210,0.2800,0.9620,0.3570,1.9270,9.0740,7.9060,14.1710
C23,175.8860,110.1500,1638.0070,11.3820,60.0370,206.3910,2.8260,1.8650,17.1090,58.0990,2.7990,9.0370,0.0260,80.3330,42.5000,3.5930,18.8910,67.7860,107.1930,267.9420
C24A,132.9520,56.9850,1506.3870,9.6270,129.9450,326.4680,17.5540,3.9710,50.3880,124.6780,0.9130,2.0490,0.2490,22.8680,83.3330,25.8070,7.1730,25.3440,84.0810,211.7390
C24B,18.5540,12.3740,82.6290,1.4130,2.9540,1.7560,4.2570,0.4620,55.9460,55.2530,0.0220,17.2030,0.0890,4.4310,3.4900,7.3830,6.3800,10.6420,14.3680,32.7830
C25,11.4320,55.9410,21.8690,3.0220,1.8130,3.8590,1.6100,0.0300,6.5480,4.8460,0.7600,0.2900,0.0930,0.7550,5.4270,0.1120,2.2330,1.6960,2.6080,15.1200
C26,2.9950,35.0530,32.6160,0.5670,0.8730,1.6840,0.0980,0.0010,1.3230,0.6620,0.4240,0.0100,1.4330,0.0430,9.7110,0.0180,0.2420,0.1890,1.0310,14.1380
C27,3.3100,13.4850,18.1220,0.7000,0.4700,3.8430,0.1390,0.0050,1.8380,1.4900,0.0950,0.0090,0.3360,0.4820,3.9490,0.0840,1.5770,0.5220,1.5400,6.8080
C28,9.3620,19.8790,29.2960,1.6290,3.6450,5.2300,0.7140,0.0170,1.3950,2.3920,0.3450,0.3360,0.3940,11.2380,5.5630,0.1100,0.3270,0.8990,3.7040,10.9250
C29,8.9970,57.1400,10.7240,0.8600,2.5380,9.6210,0.6130,0.0050,2.8220,2.1740,0.0000,0.0200,0.0120,0.5810,0.2570,0.1620,0.3130,3.3920,7.5830,14.4030
C301,0.3610,3.5890,0.9360,0.1840,0.1910,0.0430,0.0050,0.0230,0.3080,0.9420,0.0270,0.0100,0.0280,0.1000,0.9910,0.0200,0.0440,0.0650,0.1640,1.5470
C302T309,1.2360,22.7540,1.8550,0.2560,0.2780,1.8970,0.3600,0.0010,1.2350,2.6460,0.1140,0.0160,0.0010,0.0820,0.6510,0.0140,0.0820,0.0930,0.3330,2.7800
C31T33,5.6430,36.6750,167.8300,1.1420,6.3310,92.8060,3.8590,0.0400,10.7400,2.6810,0.2920,0.1150,0.0840,0.5030,0.6810,0.3400,0.6040,3.0640,4.7180,10.5140
D,749.4610,1577.5780,6071.9050,61.6830,401.0620,1348.0650,61.0060,0.6920,385.4060,765.5730,29.3520,162.9670,21.7280,138.5900,227.1730,124.7050,365.2380,355.6730,237.9400,1693.2940
E,142.8820,183.5180,531.0380,23.0360,15.7910,88.3990,1.7230,1.8850,0.2910,88.6320,6.8040,13.5520,0.4050,15.9770,21.2900,7.2110,48.3200,157.2150,217.4640,657.5260
F,55.0170,353.0720,208.0150,10.0440,3.9980,52.8650,8.4960,2.1240,12.3660,30.7150,1.6790,8.2740,1.1670,4.0350,0.5140,7.1190,25.8070,43.1260,20.1350,115.2600
G,79.8750,220.8390,44.5840,12.5600,5.3660,110.6860,22.1230,1.0260,44.9880,27.9820,3.3450,5.1220,1.5050,11.6510,33.5000,26.2290,29.3940,23.4980,92.6670,206.4100
H49,176.7170,500.6190,298.9000,27.7290,130.2920,89.4610,40.7500,2.0900,39.0670,108.5730,8.5740,15.0930,2.8420,15.4360,21.9350,14.4380,46.6730,67.7170,130.5790,304.0270
H50,137.8230,15.2450,106.9200,20.3480,15.1020,6.3330,2.1610,14.9320,9.4170,17.8850,1.0750,3.2360,60.0960,3.9430,0.8830,0.0190,11.8550,9.9280,15.1660,88.2000
H51,115.4190,194.0750,53.1250,23.0020,16.4520,22.9060,18.7260,2.6910,8.4020,34.5880,3.5900,5.9440,15.0390,2.5710,6.2420,2.2980,51.2630,11.9550,35.1550,94.1220
H52,28.2090,31.6800,22.4160,3.8450,0.2230,6.5370,0.2740,0.4260,1.2050,8.1290,0.2650,1.9960,0.3200,1.1420,1.4870,0.0000,2.1710,3.1660,9.0890,17.3860
H53,8.0900,16.6340,6.1510,2.2330,0.0240,1.4480,2.3380,0.0500,0.5920,0.8540,0.0290,1.2020,0.0230,0.1550,0.1520,0.0000,0.6480,0.9460,2.0600,4.2680
I,13.8400,26.9340,11.8600,4.0370,4.2290,12.3140,1.9700,0.1050,6.2380,0.4030,1.0930,1.7410,0.4160,2.6490,16.0480,0.0200,8.2590,5.2400,24.1950,67.6060
J58T60,1.4720,14.2430,1.3370,0.1700,0.1950,2.8470,0.3020,0.0060,1.2350,0.2960,0.0120,0.1040,0.0650,0.0540,0.4470,0.1760,0.7230,1.2910,1.6210,5.6240
J61,1.7720,11.8310,4.1540,0.2620,0.1410,6.7010,0.4420,0.0560,2.5240,1.0410,0.0270,0.7380,0.0330,0.0690,0.4240,0.0160,2.8550,3.2940,4.2580,10.3400
J62_63,2.8540,20.0860,4.0170,0.2660,0.1700,15.3860,0.4100,0.0090,0.7550,0.1480,0.0270,0.0030,0.2770,0.0830,1.3110,0.4330,0.7750,1.2970,2.1690,4.0130
K,5.5960,51.1610,16.4590,0.2410,0.2420,16.7880,0.8890,0.0000,3.6260,1.6920,0.0950,1.3130,0.2870,0.4010,2.4670,0.8050,3.0860,3.3230,10.1830,20.7700
L,4.0540,70.7110,10.4400,0.9110,1.0880,13.5220,8.4770,0.0870,2.6830,1.6500,0.2610,5.5340,0.3040,0.5010,6.9080,2.6470,9.1370,9.2670,15.5720,50.0070
M,15.1430,65.5240,53.2370,1.4820,0.6210,4.8280,7.1040,0.0740,0.7670,4.2430,0.2720,2.3850,0.4210,0.6950,6.7360,0.4070,3.5870,4.8230,10.1610,20.8620
N,23.5590,130.4550,10.3630,2.9240,1.8180,21.0050,8.5340,0.1760,3.7540,5.2340,0.6670,10.8570,0.1730,0.6440,4.4220,0.5950,5.7890,2.6620,11.5300,18.8950
O,22.4860,50.9570,18.4320,4.1760,0.9530,14.7850,11.9560,0.1890,5.1080,10.4300,1.4280,4.9610,0.3010,2.0630,4.5660,1.0060,8.2720,12.3510,25.6920,47.7360
P,11.5460,32.1240,12.6890,2.5020,4.3730,11.7190,5.6130,0.0610,3.3210,1.8350,0.2820,3.5690,0.1090,1.2440,7.4600,4.1580,9.1780,8.0880,10.9950,40.5150
Q,22.6870,47.8750,5.9930,6.1340,5.6140,4.1430,3.3250,0.0970,1.8450,3.1270,0.4270,5.9380,0.1670,0.9880,9.7080,0.4780,9.6770,5.5650,10.1690,37.6980
R,5.3050,9.9190,0.7100,1.0100,1.9180,3.2870,2.0190,0.0520,0.5230,1.0570,0.0630,1.1010,0.0560,0.1370,2.6600,0.6860,1.6550,1.2570,3.1900,8.5760
S,9.1970,16.4820,3.1190,0.8190,5.0790,9.8910,2.0320,0.0530,2.6550,0.8190,0.1540,1.6810,0.0610,0.7810,4.2670,0.9240,4.1960,4.2900,7.5960,24.8980
T,0.2580,0.0000,0.0000,0.1040,0.0000,0.0000,0.0000,0.0000,0.0000,0.0000,0.0000,0.0000,0.0000,0.0320,0.0000,0.0000,0.0000,0.0000,0.0000,0.0340
